tpcds.customer, c_customer_id, query_1
tpcds.customer, c_customer_sk, query_1
date_dim, d_date, query_1
date_dim, d_date_sk, query_1
date_dim, d_year, query_1
store, s_state, query_1
store, s_store_sk, query_1
store_returns, sr_customer_sk, query_1
store_returns, sr_return_amt, query_1
store_returns, sr_returned_date_sk, query_1
store_returns, sr_store_sk, query_1
catalog_sales, cs_ext_sales_price, query_2
catalog_sales, cs_sold_date_sk, query_2
date_dim, d_date, query_2
date_dim, d_date_sk, query_2
date_dim, d_day_name, query_2
date_dim, d_week_seq, query_2
date_dim, d_year, query_2
web_sales, ws_ext_sales_price, query_2
web_sales, ws_sold_date_sk, query_2
date_dim, d_date, query_3
date_dim, d_date_sk, query_3
date_dim, d_moy, query_3
date_dim, d_year, query_3
item, i_brand, query_3
item, i_brand_id, query_3
item, i_item_sk, query_3
item, i_manufact, query_3
item, i_manufact_id, query_3
store_sales, ss_ext_sales_price, query_3
store_sales, ss_item_sk, query_3
store_sales, ss_sold_date_sk, query_3
catalog_sales, cs_bill_customer_sk, query_4
catalog_sales, cs_ext_discount_amt, query_4
catalog_sales, cs_ext_list_price, query_4
catalog_sales, cs_ext_sales_price, query_4
catalog_sales, cs_ext_wholesale_cost, query_4
catalog_sales, cs_sold_date_sk, query_4
tpcds.customer, c_birth_country, query_4
tpcds.customer, c_customer_id, query_4
tpcds.customer, c_customer_sk, query_4
tpcds.customer, c_email_address, query_4
tpcds.customer, c_first_name, query_4
tpcds.customer, c_last_name, query_4
tpcds.customer, c_login, query_4
tpcds.customer, c_preferred_cust_flag, query_4
date_dim, d_date, query_4
date_dim, d_date_sk, query_4
date_dim, d_year, query_4
store_sales, ss_customer_sk, query_4
store_sales, ss_ext_discount_amt, query_4
store_sales, ss_ext_list_price, query_4
store_sales, ss_ext_sales_price, query_4
store_sales, ss_ext_wholesale_cost, query_4
store_sales, ss_sold_date_sk, query_4
web_sales, ws_bill_customer_sk, query_4
web_sales, ws_ext_discount_amt, query_4
web_sales, ws_ext_list_price, query_4
web_sales, ws_ext_sales_price, query_4
web_sales, ws_ext_wholesale_cost, query_4
web_sales, ws_sold_date_sk, query_4
catalog_page, cp_catalog_page_id, query_5
catalog_page, cp_catalog_page_sk, query_5
catalog_returns, cr_catalog_page_sk, query_5
catalog_returns, cr_net_loss, query_5
catalog_returns, cr_return_amount, query_5
catalog_returns, cr_returned_date_sk, query_5
catalog_sales, cs_catalog_page_sk, query_5
catalog_sales, cs_ext_sales_price, query_5
catalog_sales, cs_net_profit, query_5
catalog_sales, cs_sold_date_sk, query_5
date_dim, d_date, query_5
date_dim, d_date_sk, query_5
store, s_store_id, query_5
store, s_store_sk, query_5
store_returns, sr_net_loss, query_5
store_returns, sr_return_amt, query_5
store_returns, sr_returned_date_sk, query_5
store_returns, sr_store_sk, query_5
store_sales, ss_ext_sales_price, query_5
store_sales, ss_net_profit, query_5
store_sales, ss_sold_date_sk, query_5
store_sales, ss_store_sk, query_5
web_returns, wr_item_sk, query_5
web_returns, wr_net_loss, query_5
web_returns, wr_order_number, query_5
web_returns, wr_return_amt, query_5
web_returns, wr_returned_date_sk, query_5
web_sales, ws_ext_sales_price, query_5
web_sales, ws_item_sk, query_5
web_sales, ws_net_profit, query_5
web_sales, ws_order_number, query_5
web_sales, ws_sold_date_sk, query_5
web_sales, ws_web_site_sk, query_5
web_site, web_site_id, query_5
web_site, web_site_sk, query_5
tpcds.customer, c_current_addr_sk, query_6
tpcds.customer, c_customer_sk, query_6
customer_address, ca_address_sk, query_6
customer_address, ca_state, query_6
date_dim, d_date, query_6
date_dim, d_date_sk, query_6
date_dim, d_month_seq, query_6
date_dim, d_moy, query_6
date_dim, d_year, query_6
item, i_category, query_6
item, i_current_price, query_6
item, i_item_sk, query_6
store_sales, ss_customer_sk, query_6
store_sales, ss_item_sk, query_6
store_sales, ss_sold_date_sk, query_6
customer_demographics, cd_demo_sk, query_7
customer_demographics, cd_education_status, query_7
customer_demographics, cd_gender, query_7
customer_demographics, cd_marital_status, query_7
date_dim, d_date, query_7
date_dim, d_date_sk, query_7
date_dim, d_year, query_7
item, i_item_id, query_7
item, i_item_sk, query_7
promotion, p_channel_email, query_7
promotion, p_channel_event, query_7
promotion, p_promo_sk, query_7
store_sales, ss_cdemo_sk, query_7
store_sales, ss_coupon_amt, query_7
store_sales, ss_item_sk, query_7
store_sales, ss_list_price, query_7
store_sales, ss_promo_sk, query_7
store_sales, ss_quantity, query_7
store_sales, ss_sales_price, query_7
store_sales, ss_sold_date_sk, query_7
tpcds.customer, c_current_addr_sk, query_8
tpcds.customer, c_preferred_cust_flag, query_8
customer_address, ca_address_sk, query_8
customer_address, ca_zip, query_8
date_dim, d_date, query_8
date_dim, d_date_sk, query_8
date_dim, d_qoy, query_8
date_dim, d_year, query_8
store, s_store_name, query_8
store, s_store_sk, query_8
store, s_zip, query_8
store_sales, ss_net_profit, query_8
store_sales, ss_sold_date_sk, query_8
store_sales, ss_store_sk, query_8
reason, r_reason_sk, query_9
store_sales, ss_ext_discount_amt, query_9
store_sales, ss_net_paid, query_9
store_sales, ss_quantity, query_9
catalog_sales, cs_ship_customer_sk, query_10
catalog_sales, cs_sold_date_sk, query_10
tpcds.customer, c_current_addr_sk, query_10
tpcds.customer, c_current_cdemo_sk, query_10
tpcds.customer, c_customer_sk, query_10
customer_address, ca_address_sk, query_10
customer_address, ca_county, query_10
customer_demographics, cd_credit_rating, query_10
customer_demographics, cd_demo_sk, query_10
customer_demographics, cd_dep_college_count, query_10
customer_demographics, cd_dep_count, query_10
customer_demographics, cd_dep_employed_count, query_10
customer_demographics, cd_education_status, query_10
customer_demographics, cd_gender, query_10
customer_demographics, cd_marital_status, query_10
customer_demographics, cd_purchase_estimate, query_10
date_dim, d_date, query_10
date_dim, d_date_sk, query_10
date_dim, d_moy, query_10
date_dim, d_year, query_10
store_sales, ss_customer_sk, query_10
store_sales, ss_sold_date_sk, query_10
web_sales, ws_bill_customer_sk, query_10
web_sales, ws_sold_date_sk, query_10
tpcds.customer, c_birth_country, query_11
tpcds.customer, c_customer_id, query_11
tpcds.customer, c_customer_sk, query_11
tpcds.customer, c_email_address, query_11
tpcds.customer, c_first_name, query_11
tpcds.customer, c_last_name, query_11
tpcds.customer, c_login, query_11
tpcds.customer, c_preferred_cust_flag, query_11
date_dim, d_date, query_11
date_dim, d_date_sk, query_11
date_dim, d_year, query_11
store_sales, ss_customer_sk, query_11
store_sales, ss_ext_discount_amt, query_11
store_sales, ss_ext_list_price, query_11
store_sales, ss_sold_date_sk, query_11
web_sales, ws_bill_customer_sk, query_11
web_sales, ws_ext_discount_amt, query_11
web_sales, ws_ext_list_price, query_11
web_sales, ws_sold_date_sk, query_11
date_dim, d_date, query_12
date_dim, d_date_sk, query_12
item, i_category, query_12
item, i_class, query_12
item, i_current_price, query_12
item, i_item_desc, query_12
item, i_item_id, query_12
item, i_item_sk, query_12
web_sales, ws_ext_sales_price, query_12
web_sales, ws_item_sk, query_12
web_sales, ws_sold_date_sk, query_12
customer_address, ca_address_sk, query_13
customer_address, ca_country, query_13
customer_address, ca_state, query_13
customer_demographics, cd_demo_sk, query_13
customer_demographics, cd_education_status, query_13
customer_demographics, cd_marital_status, query_13
date_dim, d_date, query_13
date_dim, d_date_sk, query_13
date_dim, d_year, query_13
household_demographics, hd_demo_sk, query_13
household_demographics, hd_dep_count, query_13
store, s_store_sk, query_13
store_sales, ss_addr_sk, query_13
store_sales, ss_cdemo_sk, query_13
store_sales, ss_ext_sales_price, query_13
store_sales, ss_ext_wholesale_cost, query_13
store_sales, ss_hdemo_sk, query_13
store_sales, ss_net_profit, query_13
store_sales, ss_quantity, query_13
store_sales, ss_sales_price, query_13
store_sales, ss_sold_date_sk, query_13
store_sales, ss_store_sk, query_13
catalog_sales, cs_item_sk, query_14
catalog_sales, cs_list_price, query_14
catalog_sales, cs_quantity, query_14
catalog_sales, cs_sold_date_sk, query_14
date_dim, d_date, query_14
date_dim, d_date_sk, query_14
date_dim, d_moy, query_14
date_dim, d_year, query_14
item, i_brand, query_14
item, i_brand_id, query_14
item, i_category, query_14
item, i_category_id, query_14
item, i_class, query_14
item, i_class_id, query_14
item, i_item_sk, query_14
store_sales, ss_item_sk, query_14
store_sales, ss_list_price, query_14
store_sales, ss_quantity, query_14
store_sales, ss_sold_date_sk, query_14
web_sales, ws_item_sk, query_14
web_sales, ws_list_price, query_14
web_sales, ws_quantity, query_14
web_sales, ws_sold_date_sk, query_14
catalog_sales, cs_bill_customer_sk, query_15
catalog_sales, cs_sales_price, query_15
catalog_sales, cs_sold_date_sk, query_15
tpcds.customer, c_current_addr_sk, query_15
tpcds.customer, c_customer_sk, query_15
customer_address, ca_address_sk, query_15
customer_address, ca_state, query_15
customer_address, ca_zip, query_15
date_dim, d_date, query_15
date_dim, d_date_sk, query_15
date_dim, d_qoy, query_15
date_dim, d_year, query_15
call_center, cc_call_center_sk, query_16
call_center, cc_county, query_16
catalog_returns, cr_order_number, query_16
catalog_sales, cs_call_center_sk, query_16
catalog_sales, cs_ext_ship_cost, query_16
catalog_sales, cs_net_profit, query_16
catalog_sales, cs_order_number, query_16
catalog_sales, cs_ship_addr_sk, query_16
catalog_sales, cs_ship_date_sk, query_16
catalog_sales, cs_warehouse_sk, query_16
customer_address, ca_address_sk, query_16
customer_address, ca_state, query_16
date_dim, d_date, query_16
date_dim, d_date_sk, query_16
promotion, p_cost, query_16
catalog_sales, cs_bill_customer_sk, query_17
catalog_sales, cs_item_sk, query_17
catalog_sales, cs_quantity, query_17
catalog_sales, cs_sold_date_sk, query_17
date_dim, d_date, query_17
date_dim, d_date_sk, query_17
date_dim, d_quarter_name, query_17
item, i_item_desc, query_17
item, i_item_id, query_17
item, i_item_sk, query_17
store, s_state, query_17
store, s_store_sk, query_17
store_returns, sr_customer_sk, query_17
store_returns, sr_item_sk, query_17
store_returns, sr_return_quantity, query_17
store_returns, sr_returned_date_sk, query_17
store_returns, sr_ticket_number, query_17
store_sales, ss_customer_sk, query_17
store_sales, ss_item_sk, query_17
store_sales, ss_quantity, query_17
store_sales, ss_sold_date_sk, query_17
store_sales, ss_store_sk, query_17
store_sales, ss_ticket_number, query_17
catalog_sales, cs_bill_cdemo_sk, query_18
catalog_sales, cs_bill_customer_sk, query_18
catalog_sales, cs_coupon_amt, query_18
catalog_sales, cs_item_sk, query_18
catalog_sales, cs_list_price, query_18
catalog_sales, cs_net_profit, query_18
catalog_sales, cs_quantity, query_18
catalog_sales, cs_sales_price, query_18
catalog_sales, cs_sold_date_sk, query_18
tpcds.customer, c_birth_month, query_18
tpcds.customer, c_birth_year, query_18
tpcds.customer, c_current_addr_sk, query_18
tpcds.customer, c_current_cdemo_sk, query_18
tpcds.customer, c_customer_sk, query_18
customer_address, ca_address_sk, query_18
customer_address, ca_country, query_18
customer_address, ca_county, query_18
customer_address, ca_state, query_18
customer_demographics, cd_demo_sk, query_18
customer_demographics, cd_dep_count, query_18
customer_demographics, cd_education_status, query_18
customer_demographics, cd_gender, query_18
date_dim, d_date, query_18
date_dim, d_date_sk, query_18
date_dim, d_year, query_18
item, i_item_id, query_18
item, i_item_sk, query_18
tpcds.customer, c_current_addr_sk, query_19
tpcds.customer, c_customer_sk, query_19
customer_address, ca_address_sk, query_19
customer_address, ca_zip, query_19
date_dim, d_date, query_19
date_dim, d_date_sk, query_19
date_dim, d_moy, query_19
date_dim, d_year, query_19
item, i_brand, query_19
item, i_brand_id, query_19
item, i_item_sk, query_19
item, i_manager_id, query_19
item, i_manufact, query_19
item, i_manufact_id, query_19
store, s_store_sk, query_19
store, s_zip, query_19
store_sales, ss_customer_sk, query_19
store_sales, ss_ext_sales_price, query_19
store_sales, ss_item_sk, query_19
store_sales, ss_sold_date_sk, query_19
store_sales, ss_store_sk, query_19
catalog_sales, cs_ext_sales_price, query_20
catalog_sales, cs_item_sk, query_20
catalog_sales, cs_sold_date_sk, query_20
date_dim, d_date, query_20
date_dim, d_date_sk, query_20
item, i_category, query_20
item, i_class, query_20
item, i_current_price, query_20
item, i_item_desc, query_20
item, i_item_id, query_20
item, i_item_sk, query_20
date_dim, d_date, query_21
date_dim, d_date_sk, query_21
inventory, inv_date_sk, query_21
inventory, inv_item_sk, query_21
inventory, inv_quantity_on_hand, query_21
inventory, inv_warehouse_sk, query_21
item, i_current_price, query_21
item, i_item_id, query_21
item, i_item_sk, query_21
warehouse, w_warehouse_name, query_21
warehouse, w_warehouse_sk, query_21
date_dim, d_date, query_22
date_dim, d_date_sk, query_22
date_dim, d_month_seq, query_22
inventory, inv_date_sk, query_22
inventory, inv_item_sk, query_22
inventory, inv_quantity_on_hand, query_22
inventory, inv_warehouse_sk, query_22
item, i_brand, query_22
item, i_category, query_22
item, i_class, query_22
item, i_item_sk, query_22
item, i_product_name, query_22
warehouse, w_warehouse_sk, query_22
catalog_sales, cs_bill_customer_sk, query_23
catalog_sales, cs_item_sk, query_23
catalog_sales, cs_list_price, query_23
catalog_sales, cs_quantity, query_23
catalog_sales, cs_sold_date_sk, query_23
tpcds.customer, c_customer_sk, query_23
tpcds.customer, c_first_name, query_23
tpcds.customer, c_last_name, query_23
date_dim, d_date, query_23
date_dim, d_date_sk, query_23
date_dim, d_moy, query_23
date_dim, d_year, query_23
item, i_item_desc, query_23
item, i_item_sk, query_23
store_sales, ss_customer_sk, query_23
store_sales, ss_item_sk, query_23
store_sales, ss_quantity, query_23
store_sales, ss_sales_price, query_23
store_sales, ss_sold_date_sk, query_23
web_sales, ws_bill_customer_sk, query_23
web_sales, ws_item_sk, query_23
web_sales, ws_list_price, query_23
web_sales, ws_quantity, query_23
web_sales, ws_sold_date_sk, query_23
tpcds.customer, c_birth_country, query_24
tpcds.customer, c_current_addr_sk, query_24
tpcds.customer, c_customer_sk, query_24
tpcds.customer, c_first_name, query_24
tpcds.customer, c_last_name, query_24
customer_address, ca_address_sk, query_24
customer_address, ca_country, query_24
customer_address, ca_state, query_24
customer_address, ca_zip, query_24
item, i_color, query_24
item, i_current_price, query_24
item, i_item_sk, query_24
item, i_manager_id, query_24
item, i_size, query_24
item, i_units, query_24
store, s_market_id, query_24
store, s_state, query_24
store, s_store_name, query_24
store, s_store_sk, query_24
store, s_zip, query_24
store_returns, sr_item_sk, query_24
store_returns, sr_ticket_number, query_24
store_sales, ss_customer_sk, query_24
store_sales, ss_item_sk, query_24
store_sales, ss_net_paid, query_24
store_sales, ss_store_sk, query_24
store_sales, ss_ticket_number, query_24
catalog_sales, cs_bill_customer_sk, query_25
catalog_sales, cs_item_sk, query_25
catalog_sales, cs_net_profit, query_25
catalog_sales, cs_sold_date_sk, query_25
date_dim, d_date, query_25
date_dim, d_date_sk, query_25
date_dim, d_moy, query_25
date_dim, d_year, query_25
item, i_item_desc, query_25
item, i_item_id, query_25
item, i_item_sk, query_25
store, s_store_id, query_25
store, s_store_name, query_25
store, s_store_sk, query_25
store_returns, sr_customer_sk, query_25
store_returns, sr_item_sk, query_25
store_returns, sr_net_loss, query_25
store_returns, sr_returned_date_sk, query_25
store_returns, sr_ticket_number, query_25
store_sales, ss_customer_sk, query_25
store_sales, ss_item_sk, query_25
store_sales, ss_net_profit, query_25
store_sales, ss_sold_date_sk, query_25
store_sales, ss_store_sk, query_25
store_sales, ss_ticket_number, query_25
catalog_sales, cs_bill_cdemo_sk, query_26
catalog_sales, cs_coupon_amt, query_26
catalog_sales, cs_item_sk, query_26
catalog_sales, cs_list_price, query_26
catalog_sales, cs_promo_sk, query_26
catalog_sales, cs_quantity, query_26
catalog_sales, cs_sales_price, query_26
catalog_sales, cs_sold_date_sk, query_26
customer_demographics, cd_demo_sk, query_26
customer_demographics, cd_education_status, query_26
customer_demographics, cd_gender, query_26
customer_demographics, cd_marital_status, query_26
date_dim, d_date, query_26
date_dim, d_date_sk, query_26
date_dim, d_year, query_26
item, i_item_id, query_26
item, i_item_sk, query_26
promotion, p_channel_email, query_26
promotion, p_channel_event, query_26
promotion, p_promo_sk, query_26
customer_demographics, cd_demo_sk, query_27
customer_demographics, cd_education_status, query_27
customer_demographics, cd_gender, query_27
customer_demographics, cd_marital_status, query_27
date_dim, d_date, query_27
date_dim, d_date_sk, query_27
date_dim, d_year, query_27
item, i_item_id, query_27
item, i_item_sk, query_27
store, s_state, query_27
store, s_store_sk, query_27
store_sales, ss_cdemo_sk, query_27
store_sales, ss_coupon_amt, query_27
store_sales, ss_item_sk, query_27
store_sales, ss_list_price, query_27
store_sales, ss_quantity, query_27
store_sales, ss_sales_price, query_27
store_sales, ss_sold_date_sk, query_27
store_sales, ss_store_sk, query_27
store_sales, ss_coupon_amt, query_28
store_sales, ss_list_price, query_28
store_sales, ss_quantity, query_28
store_sales, ss_wholesale_cost, query_28
catalog_sales, cs_bill_customer_sk, query_29
catalog_sales, cs_item_sk, query_29
catalog_sales, cs_quantity, query_29
catalog_sales, cs_sold_date_sk, query_29
date_dim, d_date, query_29
date_dim, d_date_sk, query_29
date_dim, d_moy, query_29
date_dim, d_year, query_29
item, i_item_desc, query_29
item, i_item_id, query_29
item, i_item_sk, query_29
store, s_store_id, query_29
store, s_store_name, query_29
store, s_store_sk, query_29
store_returns, sr_customer_sk, query_29
store_returns, sr_item_sk, query_29
store_returns, sr_return_quantity, query_29
store_returns, sr_returned_date_sk, query_29
store_returns, sr_ticket_number, query_29
store_sales, ss_customer_sk, query_29
store_sales, ss_item_sk, query_29
store_sales, ss_quantity, query_29
store_sales, ss_sold_date_sk, query_29
store_sales, ss_store_sk, query_29
store_sales, ss_ticket_number, query_29
tpcds.customer, c_birth_country, query_30
tpcds.customer, c_birth_day, query_30
tpcds.customer, c_birth_month, query_30
tpcds.customer, c_birth_year, query_30
tpcds.customer, c_current_addr_sk, query_30
tpcds.customer, c_customer_id, query_30
tpcds.customer, c_customer_sk, query_30
tpcds.customer, c_email_address, query_30
tpcds.customer, c_first_name, query_30
tpcds.customer, c_last_name, query_30
tpcds.customer, c_last_review_date_sk, query_30
tpcds.customer, c_login, query_30
tpcds.customer, c_preferred_cust_flag, query_30
tpcds.customer, c_salutation, query_30
customer_address, ca_address_sk, query_30
customer_address, ca_state, query_30
date_dim, d_date, query_30
date_dim, d_date_sk, query_30
date_dim, d_year, query_30
web_returns, wr_return_amt, query_30
web_returns, wr_returned_date_sk, query_30
web_returns, wr_returning_addr_sk, query_30
web_returns, wr_returning_customer_sk, query_30
customer_address, ca_address_sk, query_31
customer_address, ca_county, query_31
date_dim, d_date, query_31
date_dim, d_date_sk, query_31
date_dim, d_qoy, query_31
date_dim, d_year, query_31
store_sales, ss_addr_sk, query_31
store_sales, ss_ext_sales_price, query_31
store_sales, ss_sold_date_sk, query_31
web_sales, ws_bill_addr_sk, query_31
web_sales, ws_ext_sales_price, query_31
web_sales, ws_sold_date_sk, query_31
catalog_sales, cs_ext_discount_amt, query_32
catalog_sales, cs_item_sk, query_32
catalog_sales, cs_sold_date_sk, query_32
date_dim, d_date, query_32
date_dim, d_date_sk, query_32
item, i_item_sk, query_32
item, i_manufact, query_32
item, i_manufact_id, query_32
catalog_sales, cs_bill_addr_sk, query_33
catalog_sales, cs_ext_sales_price, query_33
catalog_sales, cs_item_sk, query_33
catalog_sales, cs_sold_date_sk, query_33
customer_address, ca_address_sk, query_33
customer_address, ca_gmt_offset, query_33
date_dim, d_date, query_33
date_dim, d_date_sk, query_33
date_dim, d_moy, query_33
date_dim, d_year, query_33
item, i_category, query_33
item, i_item_sk, query_33
item, i_manufact, query_33
item, i_manufact_id, query_33
store_sales, ss_addr_sk, query_33
store_sales, ss_ext_sales_price, query_33
store_sales, ss_item_sk, query_33
store_sales, ss_sold_date_sk, query_33
web_sales, ws_bill_addr_sk, query_33
web_sales, ws_ext_sales_price, query_33
web_sales, ws_item_sk, query_33
web_sales, ws_sold_date_sk, query_33
tpcds.customer, c_customer_sk, query_34
tpcds.customer, c_first_name, query_34
tpcds.customer, c_last_name, query_34
tpcds.customer, c_preferred_cust_flag, query_34
tpcds.customer, c_salutation, query_34
date_dim, d_date, query_34
date_dim, d_date_sk, query_34
date_dim, d_dom, query_34
date_dim, d_year, query_34
household_demographics, hd_buy_potential, query_34
household_demographics, hd_demo_sk, query_34
household_demographics, hd_dep_count, query_34
household_demographics, hd_vehicle_count, query_34
store, s_county, query_34
store, s_store_sk, query_34
store_sales, ss_customer_sk, query_34
store_sales, ss_hdemo_sk, query_34
store_sales, ss_sold_date_sk, query_34
store_sales, ss_store_sk, query_34
store_sales, ss_ticket_number, query_34
catalog_sales, cs_ship_customer_sk, query_35
catalog_sales, cs_sold_date_sk, query_35
tpcds.customer, c_current_addr_sk, query_35
tpcds.customer, c_current_cdemo_sk, query_35
tpcds.customer, c_customer_sk, query_35
customer_address, ca_address_sk, query_35
customer_address, ca_state, query_35
customer_demographics, cd_demo_sk, query_35
customer_demographics, cd_dep_college_count, query_35
customer_demographics, cd_dep_count, query_35
customer_demographics, cd_dep_employed_count, query_35
customer_demographics, cd_gender, query_35
customer_demographics, cd_marital_status, query_35
date_dim, d_date, query_35
date_dim, d_date_sk, query_35
date_dim, d_qoy, query_35
date_dim, d_year, query_35
store_sales, ss_customer_sk, query_35
store_sales, ss_sold_date_sk, query_35
web_sales, ws_bill_customer_sk, query_35
web_sales, ws_sold_date_sk, query_35
date_dim, d_date, query_36
date_dim, d_date_sk, query_36
date_dim, d_year, query_36
item, i_category, query_36
item, i_class, query_36
item, i_item_sk, query_36
store, s_state, query_36
store, s_store_sk, query_36
store_sales, ss_ext_sales_price, query_36
store_sales, ss_item_sk, query_36
store_sales, ss_net_profit, query_36
store_sales, ss_sold_date_sk, query_36
store_sales, ss_store_sk, query_36
catalog_sales, cs_item_sk, query_37
date_dim, d_date, query_37
date_dim, d_date_sk, query_37
inventory, inv_date_sk, query_37
inventory, inv_item_sk, query_37
inventory, inv_quantity_on_hand, query_37
item, i_current_price, query_37
item, i_item_desc, query_37
item, i_item_id, query_37
item, i_item_sk, query_37
item, i_manufact, query_37
item, i_manufact_id, query_37
catalog_sales, cs_bill_customer_sk, query_38
catalog_sales, cs_sold_date_sk, query_38
tpcds.customer, c_customer_sk, query_38
tpcds.customer, c_first_name, query_38
tpcds.customer, c_last_name, query_38
date_dim, d_date, query_38
date_dim, d_date_sk, query_38
date_dim, d_month_seq, query_38
store_sales, ss_customer_sk, query_38
store_sales, ss_sold_date_sk, query_38
web_sales, ws_bill_customer_sk, query_38
web_sales, ws_sold_date_sk, query_38
date_dim, d_date, query_39
date_dim, d_date_sk, query_39
date_dim, d_moy, query_39
date_dim, d_year, query_39
inventory, inv_date_sk, query_39
inventory, inv_item_sk, query_39
inventory, inv_quantity_on_hand, query_39
inventory, inv_warehouse_sk, query_39
item, i_item_sk, query_39
warehouse, w_warehouse_name, query_39
warehouse, w_warehouse_sk, query_39
catalog_returns, cr_item_sk, query_40
catalog_returns, cr_order_number, query_40
catalog_returns, cr_refunded_cash, query_40
catalog_sales, cs_item_sk, query_40
catalog_sales, cs_order_number, query_40
catalog_sales, cs_sales_price, query_40
catalog_sales, cs_sold_date_sk, query_40
catalog_sales, cs_warehouse_sk, query_40
date_dim, d_date, query_40
date_dim, d_date_sk, query_40
item, i_current_price, query_40
item, i_item_id, query_40
item, i_item_sk, query_40
warehouse, w_state, query_40
warehouse, w_warehouse_sk, query_40
item, i_category, query_41
item, i_color, query_41
item, i_manufact, query_41
item, i_manufact_id, query_41
item, i_product_name, query_41
item, i_size, query_41
item, i_units, query_41
date_dim, d_date, query_42
date_dim, d_date_sk, query_42
date_dim, d_moy, query_42
date_dim, d_year, query_42
item, i_category, query_42
item, i_category_id, query_42
item, i_item_sk, query_42
item, i_manager_id, query_42
store_sales, ss_ext_sales_price, query_42
store_sales, ss_item_sk, query_42
store_sales, ss_sold_date_sk, query_42
date_dim, d_date, query_43
date_dim, d_date_sk, query_43
date_dim, d_day_name, query_43
date_dim, d_year, query_43
store, s_gmt_offset, query_43
store, s_store_id, query_43
store, s_store_name, query_43
store, s_store_sk, query_43
store_sales, ss_sales_price, query_43
store_sales, ss_sold_date_sk, query_43
store_sales, ss_store_sk, query_43
item, i_item_sk, query_44
item, i_product_name, query_44
store, s_store_sk, query_44
store_sales, ss_addr_sk, query_44
store_sales, ss_item_sk, query_44
store_sales, ss_net_profit, query_44
store_sales, ss_store_sk, query_44
tpcds.customer, c_current_addr_sk, query_45
tpcds.customer, c_customer_sk, query_45
customer_address, ca_address_sk, query_45
customer_address, ca_city, query_45
customer_address, ca_zip, query_45
date_dim, d_date, query_45
date_dim, d_date_sk, query_45
date_dim, d_qoy, query_45
date_dim, d_year, query_45
item, i_item_id, query_45
item, i_item_sk, query_45
web_sales, ws_bill_customer_sk, query_45
web_sales, ws_item_sk, query_45
web_sales, ws_sales_price, query_45
web_sales, ws_sold_date_sk, query_45
tpcds.customer, c_current_addr_sk, query_46
tpcds.customer, c_customer_sk, query_46
tpcds.customer, c_first_name, query_46
tpcds.customer, c_last_name, query_46
customer_address, ca_address_sk, query_46
customer_address, ca_city, query_46
date_dim, d_date, query_46
date_dim, d_date_sk, query_46
date_dim, d_dow, query_46
date_dim, d_year, query_46
household_demographics, hd_demo_sk, query_46
household_demographics, hd_dep_count, query_46
household_demographics, hd_vehicle_count, query_46
store, s_city, query_46
store, s_store_sk, query_46
store_sales, ss_addr_sk, query_46
store_sales, ss_coupon_amt, query_46
store_sales, ss_customer_sk, query_46
store_sales, ss_hdemo_sk, query_46
store_sales, ss_net_profit, query_46
store_sales, ss_sold_date_sk, query_46
store_sales, ss_store_sk, query_46
store_sales, ss_ticket_number, query_46
date_dim, d_date, query_47
date_dim, d_date_sk, query_47
date_dim, d_moy, query_47
date_dim, d_year, query_47
item, i_brand, query_47
item, i_category, query_47
item, i_item_sk, query_47
store, s_company_name, query_47
store, s_store_name, query_47
store, s_store_sk, query_47
store_sales, ss_item_sk, query_47
store_sales, ss_sales_price, query_47
store_sales, ss_sold_date_sk, query_47
store_sales, ss_store_sk, query_47
customer_address, ca_address_sk, query_48
customer_address, ca_country, query_48
customer_address, ca_state, query_48
customer_demographics, cd_demo_sk, query_48
customer_demographics, cd_education_status, query_48
customer_demographics, cd_marital_status, query_48
date_dim, d_date, query_48
date_dim, d_date_sk, query_48
date_dim, d_year, query_48
store, s_store_sk, query_48
store_sales, ss_addr_sk, query_48
store_sales, ss_cdemo_sk, query_48
store_sales, ss_net_profit, query_48
store_sales, ss_quantity, query_48
store_sales, ss_sales_price, query_48
store_sales, ss_sold_date_sk, query_48
store_sales, ss_store_sk, query_48
catalog_returns, cr_item_sk, query_49
catalog_returns, cr_order_number, query_49
catalog_returns, cr_return_amount, query_49
catalog_returns, cr_return_quantity, query_49
catalog_sales, cs_item_sk, query_49
catalog_sales, cs_net_paid, query_49
catalog_sales, cs_net_profit, query_49
catalog_sales, cs_order_number, query_49
catalog_sales, cs_quantity, query_49
catalog_sales, cs_sold_date_sk, query_49
date_dim, d_date, query_49
date_dim, d_date_sk, query_49
date_dim, d_moy, query_49
date_dim, d_year, query_49
store_returns, sr_item_sk, query_49
store_returns, sr_return_amt, query_49
store_returns, sr_return_quantity, query_49
store_returns, sr_ticket_number, query_49
store_sales, ss_item_sk, query_49
store_sales, ss_net_paid, query_49
store_sales, ss_net_profit, query_49
store_sales, ss_quantity, query_49
store_sales, ss_sold_date_sk, query_49
store_sales, ss_ticket_number, query_49
web_returns, wr_item_sk, query_49
web_returns, wr_order_number, query_49
web_returns, wr_return_amt, query_49
web_returns, wr_return_quantity, query_49
web_sales, ws_item_sk, query_49
web_sales, ws_net_paid, query_49
web_sales, ws_net_profit, query_49
web_sales, ws_order_number, query_49
web_sales, ws_quantity, query_49
web_sales, ws_sold_date_sk, query_49
date_dim, d_date, query_50
date_dim, d_date_sk, query_50
date_dim, d_moy, query_50
date_dim, d_year, query_50
store, s_city, query_50
store, s_company_id, query_50
store, s_county, query_50
store, s_state, query_50
store, s_store_name, query_50
store, s_store_sk, query_50
store, s_street_name, query_50
store, s_street_number, query_50
store, s_street_type, query_50
store, s_suite_number, query_50
store, s_zip, query_50
store_returns, sr_customer_sk, query_50
store_returns, sr_item_sk, query_50
store_returns, sr_returned_date_sk, query_50
store_returns, sr_ticket_number, query_50
store_sales, ss_customer_sk, query_50
store_sales, ss_item_sk, query_50
store_sales, ss_sold_date_sk, query_50
store_sales, ss_store_sk, query_50
store_sales, ss_ticket_number, query_50
date_dim, d_date, query_51
date_dim, d_date_sk, query_51
date_dim, d_month_seq, query_51
store_sales, ss_item_sk, query_51
store_sales, ss_sales_price, query_51
store_sales, ss_sold_date_sk, query_51
web_sales, ws_item_sk, query_51
web_sales, ws_sales_price, query_51
web_sales, ws_sold_date_sk, query_51
date_dim, d_date, query_52
date_dim, d_date_sk, query_52
date_dim, d_moy, query_52
date_dim, d_year, query_52
item, i_brand, query_52
item, i_brand_id, query_52
item, i_item_sk, query_52
item, i_manager_id, query_52
store_sales, ss_ext_sales_price, query_52
store_sales, ss_item_sk, query_52
store_sales, ss_sold_date_sk, query_52
date_dim, d_date, query_53
date_dim, d_date_sk, query_53
date_dim, d_month_seq, query_53
date_dim, d_qoy, query_53
item, i_brand, query_53
item, i_category, query_53
item, i_class, query_53
item, i_item_sk, query_53
item, i_manufact, query_53
item, i_manufact_id, query_53
store, s_store_sk, query_53
store_sales, ss_item_sk, query_53
store_sales, ss_sales_price, query_53
store_sales, ss_sold_date_sk, query_53
store_sales, ss_store_sk, query_53
catalog_sales, cs_bill_customer_sk, query_54
catalog_sales, cs_item_sk, query_54
catalog_sales, cs_sold_date_sk, query_54
tpcds.customer, c_current_addr_sk, query_54
tpcds.customer, c_customer_sk, query_54
customer_address, ca_address_sk, query_54
customer_address, ca_county, query_54
customer_address, ca_state, query_54
date_dim, d_date, query_54
date_dim, d_date_sk, query_54
date_dim, d_month_seq, query_54
date_dim, d_moy, query_54
date_dim, d_year, query_54
item, i_category, query_54
item, i_class, query_54
item, i_item_sk, query_54
store, s_county, query_54
store, s_state, query_54
store_sales, ss_customer_sk, query_54
store_sales, ss_ext_sales_price, query_54
store_sales, ss_sold_date_sk, query_54
web_sales, ws_bill_customer_sk, query_54
web_sales, ws_item_sk, query_54
web_sales, ws_sold_date_sk, query_54
date_dim, d_date, query_55
date_dim, d_date_sk, query_55
date_dim, d_moy, query_55
date_dim, d_year, query_55
item, i_brand, query_55
item, i_brand_id, query_55
item, i_item_sk, query_55
item, i_manager_id, query_55
store_sales, ss_ext_sales_price, query_55
store_sales, ss_item_sk, query_55
store_sales, ss_sold_date_sk, query_55
catalog_sales, cs_bill_addr_sk, query_56
catalog_sales, cs_ext_sales_price, query_56
catalog_sales, cs_item_sk, query_56
catalog_sales, cs_sold_date_sk, query_56
customer_address, ca_address_sk, query_56
customer_address, ca_gmt_offset, query_56
date_dim, d_date, query_56
date_dim, d_date_sk, query_56
date_dim, d_moy, query_56
date_dim, d_year, query_56
item, i_color, query_56
item, i_item_id, query_56
item, i_item_sk, query_56
store_sales, ss_addr_sk, query_56
store_sales, ss_ext_sales_price, query_56
store_sales, ss_item_sk, query_56
store_sales, ss_sold_date_sk, query_56
web_sales, ws_bill_addr_sk, query_56
web_sales, ws_ext_sales_price, query_56
web_sales, ws_item_sk, query_56
web_sales, ws_sold_date_sk, query_56
call_center, cc_call_center_sk, query_57
call_center, cc_name, query_57
catalog_sales, cs_call_center_sk, query_57
catalog_sales, cs_item_sk, query_57
catalog_sales, cs_sales_price, query_57
catalog_sales, cs_sold_date_sk, query_57
date_dim, d_date, query_57
date_dim, d_date_sk, query_57
date_dim, d_moy, query_57
date_dim, d_year, query_57
item, i_brand, query_57
item, i_category, query_57
item, i_item_sk, query_57
catalog_sales, cs_ext_sales_price, query_58
catalog_sales, cs_item_sk, query_58
catalog_sales, cs_sold_date_sk, query_58
date_dim, d_date, query_58
date_dim, d_date_sk, query_58
date_dim, d_week_seq, query_58
item, i_item_id, query_58
item, i_item_sk, query_58
store_sales, ss_ext_sales_price, query_58
store_sales, ss_item_sk, query_58
store_sales, ss_sold_date_sk, query_58
web_sales, ws_ext_sales_price, query_58
web_sales, ws_item_sk, query_58
web_sales, ws_sold_date_sk, query_58
date_dim, d_date, query_59
date_dim, d_date_sk, query_59
date_dim, d_day_name, query_59
date_dim, d_month_seq, query_59
date_dim, d_week_seq, query_59
store, s_store_id, query_59
store, s_store_name, query_59
store, s_store_sk, query_59
store_sales, ss_sales_price, query_59
store_sales, ss_sold_date_sk, query_59
store_sales, ss_store_sk, query_59
catalog_sales, cs_bill_addr_sk, query_60
catalog_sales, cs_ext_sales_price, query_60
catalog_sales, cs_item_sk, query_60
catalog_sales, cs_sold_date_sk, query_60
customer_address, ca_address_sk, query_60
customer_address, ca_gmt_offset, query_60
date_dim, d_date, query_60
date_dim, d_date_sk, query_60
date_dim, d_moy, query_60
date_dim, d_year, query_60
item, i_category, query_60
item, i_item_id, query_60
item, i_item_sk, query_60
store_sales, ss_addr_sk, query_60
store_sales, ss_ext_sales_price, query_60
store_sales, ss_item_sk, query_60
store_sales, ss_sold_date_sk, query_60
web_sales, ws_bill_addr_sk, query_60
web_sales, ws_ext_sales_price, query_60
web_sales, ws_item_sk, query_60
web_sales, ws_sold_date_sk, query_60
tpcds.customer, c_current_addr_sk, query_61
tpcds.customer, c_customer_sk, query_61
customer_address, ca_address_sk, query_61
customer_address, ca_gmt_offset, query_61
date_dim, d_date, query_61
date_dim, d_date_sk, query_61
date_dim, d_moy, query_61
date_dim, d_year, query_61
item, i_category, query_61
item, i_item_sk, query_61
promotion, p_channel_dmail, query_61
promotion, p_channel_email, query_61
promotion, p_channel_tv, query_61
promotion, p_promo_sk, query_61
store, s_gmt_offset, query_61
store, s_store_sk, query_61
store_sales, ss_customer_sk, query_61
store_sales, ss_ext_sales_price, query_61
store_sales, ss_item_sk, query_61
store_sales, ss_promo_sk, query_61
store_sales, ss_sold_date_sk, query_61
store_sales, ss_store_sk, query_61
date_dim, d_date, query_62
date_dim, d_date_sk, query_62
date_dim, d_month_seq, query_62
ship_mode, sm_ship_mode_sk, query_62
ship_mode, sm_type, query_62
warehouse, w_warehouse_name, query_62
warehouse, w_warehouse_sk, query_62
web_sales, ws_ship_date_sk, query_62
web_sales, ws_ship_mode_sk, query_62
web_sales, ws_sold_date_sk, query_62
web_sales, ws_warehouse_sk, query_62
web_sales, ws_web_site_sk, query_62
web_site, web_name, query_62
web_site, web_site_sk, query_62
date_dim, d_date, query_63
date_dim, d_date_sk, query_63
date_dim, d_month_seq, query_63
date_dim, d_moy, query_63
item, i_brand, query_63
item, i_category, query_63
item, i_class, query_63
item, i_item_sk, query_63
item, i_manager_id, query_63
store, s_store_sk, query_63
store_sales, ss_item_sk, query_63
store_sales, ss_sales_price, query_63
store_sales, ss_sold_date_sk, query_63
store_sales, ss_store_sk, query_63
catalog_returns, cr_item_sk, query_64
catalog_returns, cr_order_number, query_64
catalog_returns, cr_refunded_cash, query_64
catalog_returns, cr_reversed_charge, query_64
catalog_returns, cr_store_credit, query_64
catalog_sales, cs_ext_list_price, query_64
catalog_sales, cs_item_sk, query_64
catalog_sales, cs_order_number, query_64
tpcds.customer, c_current_addr_sk, query_64
tpcds.customer, c_current_cdemo_sk, query_64
tpcds.customer, c_current_hdemo_sk, query_64
tpcds.customer, c_customer_sk, query_64
tpcds.customer, c_first_sales_date_sk, query_64
tpcds.customer, c_first_shipto_date_sk, query_64
customer_address, ca_address_sk, query_64
customer_address, ca_city, query_64
customer_address, ca_street_name, query_64
customer_address, ca_street_number, query_64
customer_address, ca_zip, query_64
customer_demographics, cd_demo_sk, query_64
customer_demographics, cd_marital_status, query_64
date_dim, d_date, query_64
date_dim, d_date_sk, query_64
date_dim, d_year, query_64
household_demographics, hd_demo_sk, query_64
household_demographics, hd_income_band_sk, query_64
income_band, ib_income_band_sk, query_64
item, i_color, query_64
item, i_current_price, query_64
item, i_item_sk, query_64
item, i_product_name, query_64
promotion, p_promo_sk, query_64
store, s_store_name, query_64
store, s_store_sk, query_64
store, s_zip, query_64
store_returns, sr_item_sk, query_64
store_returns, sr_ticket_number, query_64
store_sales, ss_addr_sk, query_64
store_sales, ss_cdemo_sk, query_64
store_sales, ss_coupon_amt, query_64
store_sales, ss_customer_sk, query_64
store_sales, ss_hdemo_sk, query_64
store_sales, ss_item_sk, query_64
store_sales, ss_list_price, query_64
store_sales, ss_promo_sk, query_64
store_sales, ss_sold_date_sk, query_64
store_sales, ss_store_sk, query_64
store_sales, ss_ticket_number, query_64
store_sales, ss_wholesale_cost, query_64
date_dim, d_date, query_65
date_dim, d_date_sk, query_65
date_dim, d_month_seq, query_65
item, i_brand, query_65
item, i_current_price, query_65
item, i_item_desc, query_65
item, i_item_sk, query_65
item, i_wholesale_cost, query_65
store, s_store_name, query_65
store, s_store_sk, query_65
store_sales, ss_item_sk, query_65
store_sales, ss_sales_price, query_65
store_sales, ss_sold_date_sk, query_65
store_sales, ss_store_sk, query_65
catalog_sales, cs_net_paid, query_66
catalog_sales, cs_net_paid_inc_tax, query_66
catalog_sales, cs_quantity, query_66
catalog_sales, cs_sales_price, query_66
catalog_sales, cs_ship_mode_sk, query_66
catalog_sales, cs_sold_date_sk, query_66
catalog_sales, cs_sold_time_sk, query_66
catalog_sales, cs_warehouse_sk, query_66
date_dim, d_date, query_66
date_dim, d_date_sk, query_66
date_dim, d_moy, query_66
date_dim, d_year, query_66
ship_mode, sm_carrier, query_66
ship_mode, sm_ship_mode_sk, query_66
time_dim, t_time, query_66
time_dim, t_time_sk, query_66
warehouse, w_city, query_66
warehouse, w_country, query_66
warehouse, w_county, query_66
warehouse, w_state, query_66
warehouse, w_warehouse_name, query_66
warehouse, w_warehouse_sk, query_66
warehouse, w_warehouse_sq_ft, query_66
web_sales, ws_ext_sales_price, query_66
web_sales, ws_net_paid, query_66
web_sales, ws_quantity, query_66
web_sales, ws_ship_mode_sk, query_66
web_sales, ws_sold_date_sk, query_66
web_sales, ws_sold_time_sk, query_66
web_sales, ws_warehouse_sk, query_66
date_dim, d_date, query_67
date_dim, d_date_sk, query_67
date_dim, d_month_seq, query_67
date_dim, d_moy, query_67
date_dim, d_qoy, query_67
date_dim, d_year, query_67
item, i_brand, query_67
item, i_category, query_67
item, i_class, query_67
item, i_item_sk, query_67
item, i_product_name, query_67
store, s_store_id, query_67
store, s_store_sk, query_67
store_sales, ss_item_sk, query_67
store_sales, ss_quantity, query_67
store_sales, ss_sales_price, query_67
store_sales, ss_sold_date_sk, query_67
store_sales, ss_store_sk, query_67
tpcds.customer, c_current_addr_sk, query_68
tpcds.customer, c_customer_sk, query_68
tpcds.customer, c_first_name, query_68
tpcds.customer, c_last_name, query_68
customer_address, ca_address_sk, query_68
customer_address, ca_city, query_68
date_dim, d_date, query_68
date_dim, d_date_sk, query_68
date_dim, d_dom, query_68
date_dim, d_year, query_68
household_demographics, hd_demo_sk, query_68
household_demographics, hd_dep_count, query_68
household_demographics, hd_vehicle_count, query_68
store, s_city, query_68
store, s_store_sk, query_68
store_sales, ss_addr_sk, query_68
store_sales, ss_customer_sk, query_68
store_sales, ss_ext_list_price, query_68
store_sales, ss_ext_sales_price, query_68
store_sales, ss_ext_tax, query_68
store_sales, ss_hdemo_sk, query_68
store_sales, ss_sold_date_sk, query_68
store_sales, ss_store_sk, query_68
store_sales, ss_ticket_number, query_68
catalog_sales, cs_ship_customer_sk, query_69
catalog_sales, cs_sold_date_sk, query_69
tpcds.customer, c_current_addr_sk, query_69
tpcds.customer, c_current_cdemo_sk, query_69
tpcds.customer, c_customer_sk, query_69
customer_address, ca_address_sk, query_69
customer_address, ca_state, query_69
customer_demographics, cd_credit_rating, query_69
customer_demographics, cd_demo_sk, query_69
customer_demographics, cd_education_status, query_69
customer_demographics, cd_gender, query_69
customer_demographics, cd_marital_status, query_69
customer_demographics, cd_purchase_estimate, query_69
date_dim, d_date, query_69
date_dim, d_date_sk, query_69
date_dim, d_moy, query_69
date_dim, d_year, query_69
store_sales, ss_customer_sk, query_69
store_sales, ss_sold_date_sk, query_69
web_sales, ws_bill_customer_sk, query_69
web_sales, ws_sold_date_sk, query_69
date_dim, d_date, query_70
date_dim, d_date_sk, query_70
date_dim, d_month_seq, query_70
store, s_county, query_70
store, s_state, query_70
store, s_store_sk, query_70
store_sales, ss_net_profit, query_70
store_sales, ss_sold_date_sk, query_70
store_sales, ss_store_sk, query_70
catalog_sales, cs_ext_sales_price, query_71
catalog_sales, cs_item_sk, query_71
catalog_sales, cs_sold_date_sk, query_71
catalog_sales, cs_sold_time_sk, query_71
date_dim, d_date, query_71
date_dim, d_date_sk, query_71
date_dim, d_moy, query_71
date_dim, d_year, query_71
item, i_brand, query_71
item, i_brand_id, query_71
item, i_item_sk, query_71
item, i_manager_id, query_71
store_sales, ss_ext_sales_price, query_71
store_sales, ss_item_sk, query_71
store_sales, ss_sold_date_sk, query_71
store_sales, ss_sold_time_sk, query_71
time_dim, t_hour, query_71
time_dim, t_meal_time, query_71
time_dim, t_minute, query_71
time_dim, t_time, query_71
time_dim, t_time_sk, query_71
web_sales, ws_ext_sales_price, query_71
web_sales, ws_item_sk, query_71
web_sales, ws_sold_date_sk, query_71
web_sales, ws_sold_time_sk, query_71
catalog_returns, cr_item_sk, query_72
catalog_returns, cr_order_number, query_72
catalog_sales, cs_bill_cdemo_sk, query_72
catalog_sales, cs_bill_hdemo_sk, query_72
catalog_sales, cs_item_sk, query_72
catalog_sales, cs_order_number, query_72
catalog_sales, cs_promo_sk, query_72
catalog_sales, cs_quantity, query_72
catalog_sales, cs_ship_date_sk, query_72
catalog_sales, cs_sold_date_sk, query_72
customer_demographics, cd_demo_sk, query_72
customer_demographics, cd_marital_status, query_72
date_dim, d_date, query_72
date_dim, d_date_sk, query_72
date_dim, d_week_seq, query_72
date_dim, d_year, query_72
household_demographics, hd_buy_potential, query_72
household_demographics, hd_demo_sk, query_72
inventory, inv_date_sk, query_72
inventory, inv_item_sk, query_72
inventory, inv_quantity_on_hand, query_72
inventory, inv_warehouse_sk, query_72
item, i_item_desc, query_72
item, i_item_sk, query_72
promotion, p_promo_sk, query_72
warehouse, w_warehouse_name, query_72
warehouse, w_warehouse_sk, query_72
tpcds.customer, c_customer_sk, query_73
tpcds.customer, c_first_name, query_73
tpcds.customer, c_last_name, query_73
tpcds.customer, c_preferred_cust_flag, query_73
tpcds.customer, c_salutation, query_73
date_dim, d_date, query_73
date_dim, d_date_sk, query_73
date_dim, d_dom, query_73
date_dim, d_year, query_73
household_demographics, hd_buy_potential, query_73
household_demographics, hd_demo_sk, query_73
household_demographics, hd_dep_count, query_73
household_demographics, hd_vehicle_count, query_73
store, s_county, query_73
store, s_store_sk, query_73
store_sales, ss_customer_sk, query_73
store_sales, ss_hdemo_sk, query_73
store_sales, ss_sold_date_sk, query_73
store_sales, ss_store_sk, query_73
store_sales, ss_ticket_number, query_73
tpcds.customer, c_customer_id, query_74
tpcds.customer, c_customer_sk, query_74
tpcds.customer, c_first_name, query_74
tpcds.customer, c_last_name, query_74
date_dim, d_date, query_74
date_dim, d_date_sk, query_74
date_dim, d_year, query_74
store_sales, ss_customer_sk, query_74
store_sales, ss_net_paid, query_74
store_sales, ss_sold_date_sk, query_74
web_sales, ws_bill_customer_sk, query_74
web_sales, ws_net_paid, query_74
web_sales, ws_sold_date_sk, query_74
catalog_returns, cr_item_sk, query_75
catalog_returns, cr_order_number, query_75
catalog_returns, cr_return_amount, query_75
catalog_returns, cr_return_quantity, query_75
catalog_sales, cs_ext_sales_price, query_75
catalog_sales, cs_item_sk, query_75
catalog_sales, cs_order_number, query_75
catalog_sales, cs_quantity, query_75
catalog_sales, cs_sold_date_sk, query_75
date_dim, d_date, query_75
date_dim, d_date_sk, query_75
date_dim, d_year, query_75
item, i_brand, query_75
item, i_brand_id, query_75
item, i_category, query_75
item, i_category_id, query_75
item, i_class, query_75
item, i_class_id, query_75
item, i_item_sk, query_75
item, i_manufact, query_75
item, i_manufact_id, query_75
store_returns, sr_item_sk, query_75
store_returns, sr_return_amt, query_75
store_returns, sr_return_quantity, query_75
store_returns, sr_ticket_number, query_75
store_sales, ss_ext_sales_price, query_75
store_sales, ss_item_sk, query_75
store_sales, ss_quantity, query_75
store_sales, ss_sold_date_sk, query_75
store_sales, ss_ticket_number, query_75
web_returns, wr_item_sk, query_75
web_returns, wr_order_number, query_75
web_returns, wr_return_amt, query_75
web_returns, wr_return_quantity, query_75
web_sales, ws_ext_sales_price, query_75
web_sales, ws_item_sk, query_75
web_sales, ws_order_number, query_75
web_sales, ws_quantity, query_75
web_sales, ws_sold_date_sk, query_75
catalog_sales, cs_ext_sales_price, query_76
catalog_sales, cs_item_sk, query_76
catalog_sales, cs_ship_addr_sk, query_76
catalog_sales, cs_sold_date_sk, query_76
date_dim, d_date, query_76
date_dim, d_date_sk, query_76
date_dim, d_qoy, query_76
date_dim, d_year, query_76
item, i_category, query_76
item, i_item_sk, query_76
store, s_store_sk, query_76
store_sales, ss_ext_sales_price, query_76
store_sales, ss_item_sk, query_76
store_sales, ss_sold_date_sk, query_76
store_sales, ss_store_sk, query_76
web_sales, ws_ext_sales_price, query_76
web_sales, ws_item_sk, query_76
web_sales, ws_ship_customer_sk, query_76
web_sales, ws_sold_date_sk, query_76
catalog_returns, cr_call_center_sk, query_77
catalog_returns, cr_net_loss, query_77
catalog_returns, cr_return_amount, query_77
catalog_returns, cr_returned_date_sk, query_77
catalog_sales, cs_call_center_sk, query_77
catalog_sales, cs_ext_sales_price, query_77
catalog_sales, cs_net_profit, query_77
catalog_sales, cs_sold_date_sk, query_77
date_dim, d_date, query_77
date_dim, d_date_sk, query_77
store, s_store_sk, query_77
store_returns, sr_net_loss, query_77
store_returns, sr_return_amt, query_77
store_returns, sr_returned_date_sk, query_77
store_returns, sr_store_sk, query_77
store_sales, ss_ext_sales_price, query_77
store_sales, ss_net_profit, query_77
store_sales, ss_sold_date_sk, query_77
store_sales, ss_store_sk, query_77
web_page, wp_web_page_sk, query_77
web_returns, wr_net_loss, query_77
web_returns, wr_return_amt, query_77
web_returns, wr_returned_date_sk, query_77
web_returns, wr_web_page_sk, query_77
web_sales, ws_ext_sales_price, query_77
web_sales, ws_net_profit, query_77
web_sales, ws_sold_date_sk, query_77
web_sales, ws_web_page_sk, query_77
catalog_returns, cr_item_sk, query_78
catalog_returns, cr_order_number, query_78
catalog_sales, cs_bill_customer_sk, query_78
catalog_sales, cs_item_sk, query_78
catalog_sales, cs_order_number, query_78
catalog_sales, cs_quantity, query_78
catalog_sales, cs_sales_price, query_78
catalog_sales, cs_sold_date_sk, query_78
catalog_sales, cs_wholesale_cost, query_78
date_dim, d_date, query_78
date_dim, d_date_sk, query_78
date_dim, d_year, query_78
store_returns, sr_item_sk, query_78
store_returns, sr_ticket_number, query_78
store_sales, ss_customer_sk, query_78
store_sales, ss_item_sk, query_78
store_sales, ss_quantity, query_78
store_sales, ss_sales_price, query_78
store_sales, ss_sold_date_sk, query_78
store_sales, ss_ticket_number, query_78
store_sales, ss_wholesale_cost, query_78
web_returns, wr_item_sk, query_78
web_returns, wr_order_number, query_78
web_sales, ws_bill_customer_sk, query_78
web_sales, ws_item_sk, query_78
web_sales, ws_order_number, query_78
web_sales, ws_quantity, query_78
web_sales, ws_sales_price, query_78
web_sales, ws_sold_date_sk, query_78
web_sales, ws_wholesale_cost, query_78
tpcds.customer, c_customer_sk, query_79
tpcds.customer, c_first_name, query_79
tpcds.customer, c_last_name, query_79
date_dim, d_date, query_79
date_dim, d_date_sk, query_79
date_dim, d_dow, query_79
date_dim, d_year, query_79
household_demographics, hd_demo_sk, query_79
household_demographics, hd_dep_count, query_79
household_demographics, hd_vehicle_count, query_79
store, s_city, query_79
store, s_number_employees, query_79
store, s_store_sk, query_79
store_sales, ss_addr_sk, query_79
store_sales, ss_coupon_amt, query_79
store_sales, ss_customer_sk, query_79
store_sales, ss_hdemo_sk, query_79
store_sales, ss_net_profit, query_79
store_sales, ss_sold_date_sk, query_79
store_sales, ss_store_sk, query_79
store_sales, ss_ticket_number, query_79
catalog_page, cp_catalog_page_id, query_80
catalog_page, cp_catalog_page_sk, query_80
catalog_returns, cr_item_sk, query_80
catalog_returns, cr_net_loss, query_80
catalog_returns, cr_order_number, query_80
catalog_returns, cr_return_amount, query_80
catalog_sales, cs_catalog_page_sk, query_80
catalog_sales, cs_ext_sales_price, query_80
catalog_sales, cs_item_sk, query_80
catalog_sales, cs_net_profit, query_80
catalog_sales, cs_order_number, query_80
catalog_sales, cs_promo_sk, query_80
catalog_sales, cs_sold_date_sk, query_80
date_dim, d_date, query_80
date_dim, d_date_sk, query_80
item, i_current_price, query_80
item, i_item_sk, query_80
promotion, p_channel_tv, query_80
promotion, p_promo_sk, query_80
store, s_store_id, query_80
store, s_store_sk, query_80
store_returns, sr_item_sk, query_80
store_returns, sr_net_loss, query_80
store_returns, sr_return_amt, query_80
store_returns, sr_ticket_number, query_80
store_sales, ss_ext_sales_price, query_80
store_sales, ss_item_sk, query_80
store_sales, ss_net_profit, query_80
store_sales, ss_promo_sk, query_80
store_sales, ss_sold_date_sk, query_80
store_sales, ss_store_sk, query_80
store_sales, ss_ticket_number, query_80
web_returns, wr_item_sk, query_80
web_returns, wr_net_loss, query_80
web_returns, wr_order_number, query_80
web_returns, wr_return_amt, query_80
web_sales, ws_ext_sales_price, query_80
web_sales, ws_item_sk, query_80
web_sales, ws_net_profit, query_80
web_sales, ws_order_number, query_80
web_sales, ws_promo_sk, query_80
web_sales, ws_sold_date_sk, query_80
web_sales, ws_web_site_sk, query_80
web_site, web_site_id, query_80
web_site, web_site_sk, query_80
catalog_returns, cr_return_amt_inc_tax, query_81
catalog_returns, cr_returned_date_sk, query_81
catalog_returns, cr_returning_addr_sk, query_81
catalog_returns, cr_returning_customer_sk, query_81
tpcds.customer, c_current_addr_sk, query_81
tpcds.customer, c_customer_id, query_81
tpcds.customer, c_customer_sk, query_81
tpcds.customer, c_first_name, query_81
tpcds.customer, c_last_name, query_81
tpcds.customer, c_salutation, query_81
customer_address, ca_address_sk, query_81
customer_address, ca_city, query_81
customer_address, ca_country, query_81
customer_address, ca_county, query_81
customer_address, ca_gmt_offset, query_81
customer_address, ca_location_type, query_81
customer_address, ca_state, query_81
customer_address, ca_street_name, query_81
customer_address, ca_street_number, query_81
customer_address, ca_street_type, query_81
customer_address, ca_suite_number, query_81
customer_address, ca_zip, query_81
date_dim, d_date, query_81
date_dim, d_date_sk, query_81
date_dim, d_year, query_81
date_dim, d_date, query_82
date_dim, d_date_sk, query_82
inventory, inv_date_sk, query_82
inventory, inv_item_sk, query_82
inventory, inv_quantity_on_hand, query_82
item, i_current_price, query_82
item, i_item_desc, query_82
item, i_item_id, query_82
item, i_item_sk, query_82
item, i_manufact, query_82
item, i_manufact_id, query_82
store_sales, ss_item_sk, query_82
catalog_returns, cr_item_sk, query_83
catalog_returns, cr_return_quantity, query_83
catalog_returns, cr_returned_date_sk, query_83
date_dim, d_date, query_83
date_dim, d_date_sk, query_83
date_dim, d_week_seq, query_83
item, i_item_id, query_83
item, i_item_sk, query_83
store_returns, sr_item_sk, query_83
store_returns, sr_return_quantity, query_83
store_returns, sr_returned_date_sk, query_83
web_returns, wr_item_sk, query_83
web_returns, wr_return_quantity, query_83
web_returns, wr_returned_date_sk, query_83
tpcds.customer, c_current_addr_sk, query_84
tpcds.customer, c_current_cdemo_sk, query_84
tpcds.customer, c_current_hdemo_sk, query_84
tpcds.customer, c_customer_id, query_84
tpcds.customer, c_first_name, query_84
tpcds.customer, c_last_name, query_84
customer_address, ca_address_sk, query_84
customer_address, ca_city, query_84
customer_demographics, cd_demo_sk, query_84
household_demographics, hd_demo_sk, query_84
household_demographics, hd_income_band_sk, query_84
income_band, ib_income_band_sk, query_84
income_band, ib_lower_bound, query_84
income_band, ib_upper_bound, query_84
store_returns, sr_cdemo_sk, query_84
customer_address, ca_address_sk, query_85
customer_address, ca_country, query_85
customer_address, ca_state, query_85
customer_demographics, cd_demo_sk, query_85
customer_demographics, cd_education_status, query_85
customer_demographics, cd_marital_status, query_85
date_dim, d_date, query_85
date_dim, d_date_sk, query_85
date_dim, d_year, query_85
reason, r_reason_desc, query_85
reason, r_reason_sk, query_85
web_page, wp_web_page_sk, query_85
web_returns, wr_fee, query_85
web_returns, wr_item_sk, query_85
web_returns, wr_order_number, query_85
web_returns, wr_reason_sk, query_85
web_returns, wr_refunded_addr_sk, query_85
web_returns, wr_refunded_cash, query_85
web_returns, wr_refunded_cdemo_sk, query_85
web_returns, wr_returning_cdemo_sk, query_85
web_sales, ws_item_sk, query_85
web_sales, ws_net_profit, query_85
web_sales, ws_order_number, query_85
web_sales, ws_quantity, query_85
web_sales, ws_sales_price, query_85
web_sales, ws_sold_date_sk, query_85
web_sales, ws_web_page_sk, query_85
date_dim, d_date, query_86
date_dim, d_date_sk, query_86
date_dim, d_month_seq, query_86
item, i_category, query_86
item, i_class, query_86
item, i_item_sk, query_86
web_sales, ws_item_sk, query_86
web_sales, ws_net_paid, query_86
web_sales, ws_sold_date_sk, query_86
catalog_sales, cs_bill_customer_sk, query_87
catalog_sales, cs_sold_date_sk, query_87
tpcds.customer, c_customer_sk, query_87
tpcds.customer, c_first_name, query_87
tpcds.customer, c_last_name, query_87
date_dim, d_date, query_87
date_dim, d_date_sk, query_87
date_dim, d_month_seq, query_87
store_sales, ss_customer_sk, query_87
store_sales, ss_sold_date_sk, query_87
web_sales, ws_bill_customer_sk, query_87
web_sales, ws_sold_date_sk, query_87
household_demographics, hd_demo_sk, query_88
household_demographics, hd_dep_count, query_88
household_demographics, hd_vehicle_count, query_88
store, s_store_name, query_88
store, s_store_sk, query_88
store_sales, ss_hdemo_sk, query_88
store_sales, ss_sold_time_sk, query_88
store_sales, ss_store_sk, query_88
time_dim, t_hour, query_88
time_dim, t_minute, query_88
time_dim, t_time, query_88
time_dim, t_time_sk, query_88
date_dim, d_date, query_89
date_dim, d_date_sk, query_89
date_dim, d_moy, query_89
date_dim, d_year, query_89
item, i_brand, query_89
item, i_category, query_89
item, i_class, query_89
item, i_item_sk, query_89
store, s_company_name, query_89
store, s_store_name, query_89
store, s_store_sk, query_89
store_sales, ss_item_sk, query_89
store_sales, ss_sales_price, query_89
store_sales, ss_sold_date_sk, query_89
store_sales, ss_store_sk, query_89
household_demographics, hd_demo_sk, query_90
household_demographics, hd_dep_count, query_90
time_dim, t_hour, query_90
time_dim, t_time, query_90
time_dim, t_time_sk, query_90
web_page, wp_char_count, query_90
web_page, wp_web_page_sk, query_90
web_sales, ws_ship_hdemo_sk, query_90
web_sales, ws_sold_time_sk, query_90
web_sales, ws_web_page_sk, query_90
call_center, cc_call_center_id, query_91
call_center, cc_call_center_sk, query_91
call_center, cc_manager, query_91
call_center, cc_name, query_91
catalog_returns, cr_call_center_sk, query_91
catalog_returns, cr_net_loss, query_91
catalog_returns, cr_returned_date_sk, query_91
catalog_returns, cr_returning_customer_sk, query_91
tpcds.customer, c_current_addr_sk, query_91
tpcds.customer, c_current_cdemo_sk, query_91
tpcds.customer, c_current_hdemo_sk, query_91
tpcds.customer, c_customer_sk, query_91
customer_address, ca_address_sk, query_91
customer_address, ca_gmt_offset, query_91
customer_demographics, cd_demo_sk, query_91
customer_demographics, cd_education_status, query_91
customer_demographics, cd_marital_status, query_91
date_dim, d_date, query_91
date_dim, d_date_sk, query_91
date_dim, d_moy, query_91
date_dim, d_year, query_91
household_demographics, hd_buy_potential, query_91
household_demographics, hd_demo_sk, query_91
date_dim, d_date, query_92
date_dim, d_date_sk, query_92
item, i_item_sk, query_92
item, i_manufact, query_92
item, i_manufact_id, query_92
web_sales, ws_ext_discount_amt, query_92
web_sales, ws_item_sk, query_92
web_sales, ws_sold_date_sk, query_92
reason, r_reason_desc, query_93
reason, r_reason_sk, query_93
store_returns, sr_item_sk, query_93
store_returns, sr_reason_sk, query_93
store_returns, sr_return_quantity, query_93
store_returns, sr_ticket_number, query_93
store_sales, ss_customer_sk, query_93
store_sales, ss_item_sk, query_93
store_sales, ss_quantity, query_93
store_sales, ss_sales_price, query_93
store_sales, ss_ticket_number, query_93
customer_address, ca_address_sk, query_94
customer_address, ca_state, query_94
date_dim, d_date, query_94
date_dim, d_date_sk, query_94
promotion, p_cost, query_94
web_returns, wr_order_number, query_94
web_sales, ws_ext_ship_cost, query_94
web_sales, ws_net_profit, query_94
web_sales, ws_order_number, query_94
web_sales, ws_ship_addr_sk, query_94
web_sales, ws_ship_date_sk, query_94
web_sales, ws_warehouse_sk, query_94
web_sales, ws_web_site_sk, query_94
web_site, web_company_name, query_94
web_site, web_site_sk, query_94
customer_address, ca_address_sk, query_95
customer_address, ca_state, query_95
date_dim, d_date, query_95
date_dim, d_date_sk, query_95
promotion, p_cost, query_95
web_returns, wr_order_number, query_95
web_sales, ws_ext_ship_cost, query_95
web_sales, ws_net_profit, query_95
web_sales, ws_order_number, query_95
web_sales, ws_ship_addr_sk, query_95
web_sales, ws_ship_date_sk, query_95
web_sales, ws_warehouse_sk, query_95
web_sales, ws_web_site_sk, query_95
web_site, web_company_name, query_95
web_site, web_site_sk, query_95
household_demographics, hd_demo_sk, query_96
household_demographics, hd_dep_count, query_96
store, s_store_name, query_96
store, s_store_sk, query_96
store_sales, ss_hdemo_sk, query_96
store_sales, ss_sold_time_sk, query_96
store_sales, ss_store_sk, query_96
time_dim, t_hour, query_96
time_dim, t_minute, query_96
time_dim, t_time, query_96
time_dim, t_time_sk, query_96
catalog_sales, cs_bill_customer_sk, query_97
catalog_sales, cs_item_sk, query_97
catalog_sales, cs_sold_date_sk, query_97
date_dim, d_date, query_97
date_dim, d_date_sk, query_97
date_dim, d_month_seq, query_97
store_sales, ss_customer_sk, query_97
store_sales, ss_item_sk, query_97
store_sales, ss_sold_date_sk, query_97
date_dim, d_date, query_98
date_dim, d_date_sk, query_98
item, i_category, query_98
item, i_class, query_98
item, i_current_price, query_98
item, i_item_desc, query_98
item, i_item_id, query_98
item, i_item_sk, query_98
store_sales, ss_ext_sales_price, query_98
store_sales, ss_item_sk, query_98
store_sales, ss_sold_date_sk, query_98
call_center, cc_call_center_sk, query_99
call_center, cc_name, query_99
catalog_sales, cs_call_center_sk, query_99
catalog_sales, cs_ship_date_sk, query_99
catalog_sales, cs_ship_mode_sk, query_99
catalog_sales, cs_sold_date_sk, query_99
catalog_sales, cs_warehouse_sk, query_99
date_dim, d_date, query_99
date_dim, d_date_sk, query_99
date_dim, d_month_seq, query_99
ship_mode, sm_ship_mode_sk, query_99
ship_mode, sm_type, query_99
warehouse, w_warehouse_name, query_99
warehouse, w_warehouse_sk, query_99
date_dim, d_date, query_100
date_dim, d_date_sk, query_100
date_dim, d_moy, query_100
date_dim, d_year, query_100
item, i_brand, query_100
item, i_brand_id, query_100
item, i_item_sk, query_100
item, i_manufact, query_100
item, i_manufact_id, query_100
store_sales, ss_ext_sales_price, query_100
store_sales, ss_item_sk, query_100
store_sales, ss_sold_date_sk, query_100
date_dim, d_date, query_101
date_dim, d_date_sk, query_101
date_dim, d_moy, query_101
date_dim, d_year, query_101
item, i_brand, query_101
item, i_brand_id, query_101
item, i_item_sk, query_101
item, i_manufact, query_101
item, i_manufact_id, query_101
store_sales, ss_ext_sales_price, query_101
store_sales, ss_item_sk, query_101
store_sales, ss_sold_date_sk, query_101
date_dim, d_date, query_102
date_dim, d_date_sk, query_102
date_dim, d_moy, query_102
date_dim, d_year, query_102
item, i_brand, query_102
item, i_brand_id, query_102
item, i_item_sk, query_102
item, i_manufact, query_102
item, i_manufact_id, query_102
store_sales, ss_ext_sales_price, query_102
store_sales, ss_item_sk, query_102
store_sales, ss_sold_date_sk, query_102
date_dim, d_date, query_103
date_dim, d_date_sk, query_103
date_dim, d_moy, query_103
date_dim, d_year, query_103
item, i_brand, query_103
item, i_brand_id, query_103
item, i_item_sk, query_103
item, i_manufact, query_103
item, i_manufact_id, query_103
store_sales, ss_ext_sales_price, query_103
store_sales, ss_item_sk, query_103
store_sales, ss_sold_date_sk, query_103
date_dim, d_date, query_104
date_dim, d_date_sk, query_104
date_dim, d_moy, query_104
date_dim, d_year, query_104
item, i_brand, query_104
item, i_brand_id, query_104
item, i_item_sk, query_104
item, i_manufact, query_104
item, i_manufact_id, query_104
store_sales, ss_ext_sales_price, query_104
store_sales, ss_item_sk, query_104
store_sales, ss_sold_date_sk, query_104
date_dim, d_date, query_105
date_dim, d_date_sk, query_105
date_dim, d_moy, query_105
date_dim, d_year, query_105
item, i_brand, query_105
item, i_brand_id, query_105
item, i_item_sk, query_105
item, i_manufact, query_105
item, i_manufact_id, query_105
store_sales, ss_ext_sales_price, query_105
store_sales, ss_item_sk, query_105
store_sales, ss_sold_date_sk, query_105
date_dim, d_date, query_106
date_dim, d_date_sk, query_106
date_dim, d_moy, query_106
date_dim, d_year, query_106
item, i_brand, query_106
item, i_brand_id, query_106
item, i_item_sk, query_106
item, i_manufact, query_106
item, i_manufact_id, query_106
store_sales, ss_ext_sales_price, query_106
store_sales, ss_item_sk, query_106
store_sales, ss_sold_date_sk, query_106
date_dim, d_date, query_107
date_dim, d_date_sk, query_107
date_dim, d_moy, query_107
date_dim, d_year, query_107
item, i_brand, query_107
item, i_brand_id, query_107
item, i_item_sk, query_107
item, i_manufact, query_107
item, i_manufact_id, query_107
store_sales, ss_ext_sales_price, query_107
store_sales, ss_item_sk, query_107
store_sales, ss_sold_date_sk, query_107
date_dim, d_date, query_108
date_dim, d_date_sk, query_108
item, i_category, query_108
item, i_class, query_108
item, i_current_price, query_108
item, i_item_desc, query_108
item, i_item_id, query_108
item, i_item_sk, query_108
web_sales, ws_ext_sales_price, query_108
web_sales, ws_item_sk, query_108
web_sales, ws_sold_date_sk, query_108
date_dim, d_date, query_109
date_dim, d_date_sk, query_109
item, i_category, query_109
item, i_class, query_109
item, i_current_price, query_109
item, i_item_desc, query_109
item, i_item_id, query_109
item, i_item_sk, query_109
web_sales, ws_ext_sales_price, query_109
web_sales, ws_item_sk, query_109
web_sales, ws_sold_date_sk, query_109
date_dim, d_date, query_110
date_dim, d_date_sk, query_110
item, i_category, query_110
item, i_class, query_110
item, i_current_price, query_110
item, i_item_desc, query_110
item, i_item_id, query_110
item, i_item_sk, query_110
web_sales, ws_ext_sales_price, query_110
web_sales, ws_item_sk, query_110
web_sales, ws_sold_date_sk, query_110
date_dim, d_date, query_111
date_dim, d_date_sk, query_111
item, i_category, query_111
item, i_class, query_111
item, i_current_price, query_111
item, i_item_desc, query_111
item, i_item_id, query_111
item, i_item_sk, query_111
web_sales, ws_ext_sales_price, query_111
web_sales, ws_item_sk, query_111
web_sales, ws_sold_date_sk, query_111
catalog_sales, cs_bill_customer_sk, query_112
catalog_sales, cs_sales_price, query_112
catalog_sales, cs_sold_date_sk, query_112
tpcds.customer, c_current_addr_sk, query_112
tpcds.customer, c_customer_sk, query_112
customer_address, ca_address_sk, query_112
customer_address, ca_state, query_112
customer_address, ca_zip, query_112
date_dim, d_date, query_112
date_dim, d_date_sk, query_112
date_dim, d_qoy, query_112
date_dim, d_year, query_112
catalog_sales, cs_bill_customer_sk, query_113
catalog_sales, cs_sales_price, query_113
catalog_sales, cs_sold_date_sk, query_113
tpcds.customer, c_current_addr_sk, query_113
tpcds.customer, c_customer_sk, query_113
customer_address, ca_address_sk, query_113
customer_address, ca_state, query_113
customer_address, ca_zip, query_113
date_dim, d_date, query_113
date_dim, d_date_sk, query_113
date_dim, d_qoy, query_113
date_dim, d_year, query_113
catalog_sales, cs_bill_customer_sk, query_114
catalog_sales, cs_sales_price, query_114
catalog_sales, cs_sold_date_sk, query_114
tpcds.customer, c_current_addr_sk, query_114
tpcds.customer, c_customer_sk, query_114
customer_address, ca_address_sk, query_114
customer_address, ca_state, query_114
customer_address, ca_zip, query_114
date_dim, d_date, query_114
date_dim, d_date_sk, query_114
date_dim, d_qoy, query_114
date_dim, d_year, query_114
catalog_sales, cs_bill_customer_sk, query_115
catalog_sales, cs_sales_price, query_115
catalog_sales, cs_sold_date_sk, query_115
tpcds.customer, c_current_addr_sk, query_115
tpcds.customer, c_customer_sk, query_115
customer_address, ca_address_sk, query_115
customer_address, ca_state, query_115
customer_address, ca_zip, query_115
date_dim, d_date, query_115
date_dim, d_date_sk, query_115
date_dim, d_qoy, query_115
date_dim, d_year, query_115
catalog_sales, cs_bill_customer_sk, query_116
catalog_sales, cs_item_sk, query_116
catalog_sales, cs_sales_price, query_116
catalog_sales, cs_sold_date_sk, query_116
tpcds.customer, c_current_addr_sk, query_116
tpcds.customer, c_customer_sk, query_116
customer_address, ca_address_sk, query_116
customer_address, ca_state, query_116
customer_address, ca_zip, query_116
date_dim, d_date, query_116
date_dim, d_date_sk, query_116
date_dim, d_qoy, query_116
date_dim, d_year, query_116
catalog_sales, cs_bill_customer_sk, query_117
catalog_sales, cs_item_sk, query_117
catalog_sales, cs_sales_price, query_117
catalog_sales, cs_sold_date_sk, query_117
tpcds.customer, c_current_addr_sk, query_117
tpcds.customer, c_customer_sk, query_117
customer_address, ca_address_sk, query_117
customer_address, ca_state, query_117
customer_address, ca_zip, query_117
date_dim, d_date, query_117
date_dim, d_date_sk, query_117
date_dim, d_qoy, query_117
date_dim, d_year, query_117
catalog_sales, cs_bill_customer_sk, query_118
catalog_sales, cs_item_sk, query_118
catalog_sales, cs_sales_price, query_118
catalog_sales, cs_sold_date_sk, query_118
tpcds.customer, c_current_addr_sk, query_118
tpcds.customer, c_customer_sk, query_118
customer_address, ca_address_sk, query_118
customer_address, ca_state, query_118
customer_address, ca_zip, query_118
date_dim, d_date, query_118
date_dim, d_date_sk, query_118
date_dim, d_qoy, query_118
date_dim, d_year, query_118
catalog_sales, cs_bill_customer_sk, query_119
catalog_sales, cs_item_sk, query_119
catalog_sales, cs_sales_price, query_119
catalog_sales, cs_sold_date_sk, query_119
tpcds.customer, c_current_addr_sk, query_119
tpcds.customer, c_customer_sk, query_119
customer_address, ca_address_sk, query_119
customer_address, ca_state, query_119
customer_address, ca_zip, query_119
date_dim, d_date, query_119
date_dim, d_date_sk, query_119
date_dim, d_qoy, query_119
date_dim, d_year, query_119
tpcds.customer, c_current_addr_sk, query_120
tpcds.customer, c_current_cdemo_sk, query_120
tpcds.customer, c_current_hdemo_sk, query_120
tpcds.customer, c_customer_id, query_120
tpcds.customer, c_first_name, query_120
tpcds.customer, c_last_name, query_120
customer_address, ca_address_sk, query_120
customer_address, ca_city, query_120
customer_demographics, cd_demo_sk, query_120
household_demographics, hd_demo_sk, query_120
household_demographics, hd_income_band_sk, query_120
income_band, ib_income_band_sk, query_120
income_band, ib_lower_bound, query_120
income_band, ib_upper_bound, query_120
store_returns, sr_cdemo_sk, query_120
store_returns, sr_item_sk, query_120
tpcds.customer, c_current_addr_sk, query_121
tpcds.customer, c_current_cdemo_sk, query_121
tpcds.customer, c_current_hdemo_sk, query_121
tpcds.customer, c_customer_id, query_121
tpcds.customer, c_first_name, query_121
tpcds.customer, c_last_name, query_121
customer_address, ca_address_sk, query_121
customer_address, ca_city, query_121
customer_demographics, cd_demo_sk, query_121
household_demographics, hd_demo_sk, query_121
household_demographics, hd_income_band_sk, query_121
income_band, ib_income_band_sk, query_121
income_band, ib_lower_bound, query_121
income_band, ib_upper_bound, query_121
store_returns, sr_cdemo_sk, query_121
store_returns, sr_item_sk, query_121
tpcds.customer, c_current_addr_sk, query_122
tpcds.customer, c_current_cdemo_sk, query_122
tpcds.customer, c_current_hdemo_sk, query_122
tpcds.customer, c_customer_id, query_122
tpcds.customer, c_first_name, query_122
tpcds.customer, c_last_name, query_122
customer_address, ca_address_sk, query_122
customer_address, ca_city, query_122
customer_demographics, cd_demo_sk, query_122
household_demographics, hd_demo_sk, query_122
household_demographics, hd_income_band_sk, query_122
income_band, ib_income_band_sk, query_122
income_band, ib_lower_bound, query_122
income_band, ib_upper_bound, query_122
store_returns, sr_cdemo_sk, query_122
store_returns, sr_item_sk, query_122
tpcds.customer, c_current_addr_sk, query_123
tpcds.customer, c_current_cdemo_sk, query_123
tpcds.customer, c_current_hdemo_sk, query_123
tpcds.customer, c_customer_id, query_123
tpcds.customer, c_first_name, query_123
tpcds.customer, c_last_name, query_123
customer_address, ca_address_sk, query_123
customer_address, ca_city, query_123
customer_demographics, cd_demo_sk, query_123
household_demographics, hd_demo_sk, query_123
household_demographics, hd_income_band_sk, query_123
income_band, ib_income_band_sk, query_123
income_band, ib_lower_bound, query_123
income_band, ib_upper_bound, query_123
store_returns, sr_cdemo_sk, query_123
store_returns, sr_item_sk, query_123
tpcds.customer, c_current_addr_sk, query_124
tpcds.customer, c_current_cdemo_sk, query_124
tpcds.customer, c_current_hdemo_sk, query_124
tpcds.customer, c_customer_id, query_124
tpcds.customer, c_first_name, query_124
tpcds.customer, c_last_name, query_124
customer_address, ca_address_sk, query_124
customer_address, ca_city, query_124
customer_demographics, cd_demo_sk, query_124
household_demographics, hd_demo_sk, query_124
household_demographics, hd_income_band_sk, query_124
income_band, ib_income_band_sk, query_124
income_band, ib_lower_bound, query_124
income_band, ib_upper_bound, query_124
web_returns, wr_item_sk, query_124
tpcds.customer, c_current_addr_sk, query_125
tpcds.customer, c_current_cdemo_sk, query_125
tpcds.customer, c_current_hdemo_sk, query_125
tpcds.customer, c_customer_id, query_125
tpcds.customer, c_first_name, query_125
tpcds.customer, c_last_name, query_125
customer_address, ca_address_sk, query_125
customer_address, ca_city, query_125
customer_demographics, cd_demo_sk, query_125
household_demographics, hd_demo_sk, query_125
household_demographics, hd_income_band_sk, query_125
income_band, ib_income_band_sk, query_125
income_band, ib_lower_bound, query_125
income_band, ib_upper_bound, query_125
web_returns, wr_item_sk, query_125
tpcds.customer, c_current_addr_sk, query_126
tpcds.customer, c_current_cdemo_sk, query_126
tpcds.customer, c_current_hdemo_sk, query_126
tpcds.customer, c_customer_id, query_126
tpcds.customer, c_first_name, query_126
tpcds.customer, c_last_name, query_126
customer_address, ca_address_sk, query_126
customer_address, ca_city, query_126
customer_demographics, cd_demo_sk, query_126
household_demographics, hd_demo_sk, query_126
household_demographics, hd_income_band_sk, query_126
income_band, ib_income_band_sk, query_126
income_band, ib_lower_bound, query_126
income_band, ib_upper_bound, query_126
web_returns, wr_item_sk, query_126
tpcds.customer, c_current_addr_sk, query_127
tpcds.customer, c_current_cdemo_sk, query_127
tpcds.customer, c_current_hdemo_sk, query_127
tpcds.customer, c_customer_id, query_127
tpcds.customer, c_first_name, query_127
tpcds.customer, c_last_name, query_127
customer_address, ca_address_sk, query_127
customer_address, ca_city, query_127
customer_demographics, cd_demo_sk, query_127
household_demographics, hd_demo_sk, query_127
household_demographics, hd_income_band_sk, query_127
income_band, ib_income_band_sk, query_127
income_band, ib_lower_bound, query_127
income_band, ib_upper_bound, query_127
web_returns, wr_item_sk, query_127
call_center, cc_call_center_id, query_128
call_center, cc_call_center_sk, query_128
call_center, cc_manager, query_128
call_center, cc_name, query_128
catalog_returns, cr_call_center_sk, query_128
catalog_returns, cr_item_sk, query_128
catalog_returns, cr_net_loss, query_128
catalog_returns, cr_returned_date_sk, query_128
catalog_returns, cr_returning_customer_sk, query_128
tpcds.customer, c_current_addr_sk, query_128
tpcds.customer, c_current_cdemo_sk, query_128
tpcds.customer, c_current_hdemo_sk, query_128
tpcds.customer, c_customer_sk, query_128
customer_address, ca_address_sk, query_128
customer_address, ca_gmt_offset, query_128
customer_demographics, cd_demo_sk, query_128
customer_demographics, cd_education_status, query_128
customer_demographics, cd_marital_status, query_128
date_dim, d_date, query_128
date_dim, d_date_sk, query_128
date_dim, d_moy, query_128
date_dim, d_year, query_128
household_demographics, hd_buy_potential, query_128
household_demographics, hd_demo_sk, query_128
call_center, cc_call_center_id, query_129
call_center, cc_call_center_sk, query_129
call_center, cc_manager, query_129
call_center, cc_name, query_129
catalog_returns, cr_call_center_sk, query_129
catalog_returns, cr_item_sk, query_129
catalog_returns, cr_net_loss, query_129
catalog_returns, cr_returned_date_sk, query_129
catalog_returns, cr_returning_customer_sk, query_129
tpcds.customer, c_current_addr_sk, query_129
tpcds.customer, c_current_cdemo_sk, query_129
tpcds.customer, c_current_hdemo_sk, query_129
tpcds.customer, c_customer_sk, query_129
customer_address, ca_address_sk, query_129
customer_address, ca_gmt_offset, query_129
customer_demographics, cd_demo_sk, query_129
customer_demographics, cd_education_status, query_129
customer_demographics, cd_marital_status, query_129
date_dim, d_date, query_129
date_dim, d_date_sk, query_129
date_dim, d_moy, query_129
date_dim, d_year, query_129
household_demographics, hd_buy_potential, query_129
household_demographics, hd_demo_sk, query_129
call_center, cc_call_center_id, query_130
call_center, cc_call_center_sk, query_130
call_center, cc_manager, query_130
call_center, cc_name, query_130
catalog_returns, cr_call_center_sk, query_130
catalog_returns, cr_item_sk, query_130
catalog_returns, cr_net_loss, query_130
catalog_returns, cr_returned_date_sk, query_130
catalog_returns, cr_returning_customer_sk, query_130
tpcds.customer, c_current_addr_sk, query_130
tpcds.customer, c_current_cdemo_sk, query_130
tpcds.customer, c_current_hdemo_sk, query_130
tpcds.customer, c_customer_sk, query_130
customer_address, ca_address_sk, query_130
customer_address, ca_gmt_offset, query_130
customer_demographics, cd_demo_sk, query_130
customer_demographics, cd_education_status, query_130
customer_demographics, cd_marital_status, query_130
date_dim, d_date, query_130
date_dim, d_date_sk, query_130
date_dim, d_moy, query_130
date_dim, d_year, query_130
household_demographics, hd_buy_potential, query_130
household_demographics, hd_demo_sk, query_130
call_center, cc_call_center_id, query_131
call_center, cc_call_center_sk, query_131
call_center, cc_manager, query_131
call_center, cc_name, query_131
catalog_returns, cr_call_center_sk, query_131
catalog_returns, cr_item_sk, query_131
catalog_returns, cr_net_loss, query_131
catalog_returns, cr_returned_date_sk, query_131
catalog_returns, cr_returning_customer_sk, query_131
tpcds.customer, c_current_addr_sk, query_131
tpcds.customer, c_current_cdemo_sk, query_131
tpcds.customer, c_current_hdemo_sk, query_131
tpcds.customer, c_customer_sk, query_131
customer_address, ca_address_sk, query_131
customer_address, ca_gmt_offset, query_131
customer_demographics, cd_demo_sk, query_131
customer_demographics, cd_education_status, query_131
customer_demographics, cd_marital_status, query_131
date_dim, d_date, query_131
date_dim, d_date_sk, query_131
date_dim, d_moy, query_131
date_dim, d_year, query_131
household_demographics, hd_buy_potential, query_131
household_demographics, hd_demo_sk, query_131
